http://www.republique-numerique.fr/projects/projet-de-loi-numerique/consultation/consultation/opinions/section-2-travaux-de-recherche-et-de-statistique/article-9-acces-aux-travaux-de-la-recherche-financee-par-des-fonds-publics/versions/mise-a-disposition-systematique-des-resultats-de-la-recherche-financee-par-des-fonds-publics	philippegambette
http://www.republique-numerique.fr/projects/projet-de-loi-numerique/consultation/consultation/opinions/section-2-travaux-de-recherche-et-de-statistique/article-9-acces-aux-travaux-de-la-recherche-financee-par-des-fonds-publics/versions/distinguer-shs-et-stem-ne-reconnait-pas-les-recherches-interdisplinaires-quelle-premiere-publication-quelle-version	melaniedulongderosnay
http://www.republique-numerique.fr/projects/projet-de-loi-numerique/consultation/consultation/opinions/section-2-travaux-de-recherche-et-de-statistique/article-9-acces-aux-travaux-de-la-recherche-financee-par-des-fonds-publics/versions/compte-rendu-du-groupe-gouv-camp-article-9	alainbensoussan
http://www.republique-numerique.fr/projects/projet-de-loi-numerique/consultation/consultation/opinions/section-2-travaux-de-recherche-et-de-statistique/article-9-acces-aux-travaux-de-la-recherche-financee-par-des-fonds-publics/versions/ouvrages-collectifs	melaniedulongderosnay
http://www.republique-numerique.fr/projects/projet-de-loi-numerique/consultation/consultation/opinions/section-2-travaux-de-recherche-et-de-statistique/article-9-acces-aux-travaux-de-la-recherche-financee-par-des-fonds-publics/versions/modif-du-titre	lefebvrenarefrederic
http://www.republique-numerique.fr/projects/projet-de-loi-numerique/consultation/consultation/opinions/section-2-travaux-de-recherche-et-de-statistique/article-9-acces-aux-travaux-de-la-recherche-financee-par-des-fonds-publics/versions/les-etudiantes-et-la-recherche	tanataricoalessandra
http://www.republique-numerique.fr/projects/projet-de-loi-numerique/consultation/consultation/opinions/section-2-travaux-de-recherche-et-de-statistique/article-9-acces-aux-travaux-de-la-recherche-financee-par-des-fonds-publics/versions/ajout-production-scolaire	watine
http://www.republique-numerique.fr/projects/projet-de-loi-numerique/consultation/consultation/opinions/section-2-travaux-de-recherche-et-de-statistique/article-9-acces-aux-travaux-de-la-recherche-financee-par-des-fonds-publics/versions/ajout-des-rapports-dans-la-liste-des-formes-de-publication-prises-en-charge	adbsassociationdesprofessionnelsdelinformationetdeladocumentation1
http://www.republique-numerique.fr/projects/projet-de-loi-numerique/consultation/consultation/opinions/section-2-travaux-de-recherche-et-de-statistique/article-9-acces-aux-travaux-de-la-recherche-financee-par-des-fonds-publics/versions/attention-vous-ne-voyez-que-50-propositions-utiliser-l-outil-de-tri-pour-voir-les-plus-anciennes-les-plus-votees-etc	sbauin
http://www.republique-numerique.fr/projects/projet-de-loi-numerique/consultation/consultation/opinions/section-2-travaux-de-recherche-et-de-statistique/article-9-acces-aux-travaux-de-la-recherche-financee-par-des-fonds-publics/versions/taxer-les-grands-editeurs-etrangers-qui-profitent-des-investissements-publics	nicolaslarchet
http://www.republique-numerique.fr/projects/projet-de-loi-numerique/consultation/consultation/opinions/section-2-travaux-de-recherche-et-de-statistique/article-9-acces-aux-travaux-de-la-recherche-financee-par-des-fonds-publics/versions/pour-une-science-ouverte-l-acces-et-l-exploitation-des-bien-communs-de-la-connaissance-ne-doivent-pas-etre-entraves	epristassociationdesresponsablesistdesorganismesderecherchefrancais
http://www.republique-numerique.fr/projects/projet-de-loi-numerique/consultation/consultation/opinions/section-2-travaux-de-recherche-et-de-statistique/article-9-acces-aux-travaux-de-la-recherche-financee-par-des-fonds-publics/versions/grande-encyclopedie-collaborative-de-la-recherche-scientifique	jeannevarasco
http://www.republique-numerique.fr/projects/projet-de-loi-numerique/consultation/consultation/opinions/section-2-travaux-de-recherche-et-de-statistique/article-9-acces-aux-travaux-de-la-recherche-financee-par-des-fonds-publics/versions/rattacher-les-publications-de-recherche-financees-par-l-argent-public-au-domaine-commun-informationnel-de-l-article-8	julianbh
http://www.republique-numerique.fr/projects/projet-de-loi-numerique/consultation/consultation/opinions/section-2-travaux-de-recherche-et-de-statistique/article-9-acces-aux-travaux-de-la-recherche-financee-par-des-fonds-publics/versions/proposition-2-nouvel-article-obligation-de-depot-des-publications-scientifiques-dans-une-archive-ouverte	durandaline
http://www.republique-numerique.fr/projects/projet-de-loi-numerique/consultation/consultation/opinions/section-2-travaux-de-recherche-et-de-statistique/article-9-acces-aux-travaux-de-la-recherche-financee-par-des-fonds-publics/versions/contre-l-article-9	dominiquelecomte
http://www.republique-numerique.fr/projects/projet-de-loi-numerique/consultation/consultation/opinions/section-2-travaux-de-recherche-et-de-statistique/article-9-acces-aux-travaux-de-la-recherche-financee-par-des-fonds-publics/versions/pour-une-redaction-equilibree-qui-reconnaisse-la-contribution-de-chacun-auteurs-fonds-publics-et-editeurs-et-les-droits-qui-y-sont-associes-a-l-auteur-peut-mettre-dans-le-domaine-public-immediatement-son-manuscript-a-l-exclusion-du-travail-de-l-editeur-b-	alainlecavelier
http://www.republique-numerique.fr/projects/projet-de-loi-numerique/consultation/consultation/opinions/section-2-travaux-de-recherche-et-de-statistique/article-9-acces-aux-travaux-de-la-recherche-financee-par-des-fonds-publics/versions/inapplicable	hervemorel
http://www.republique-numerique.fr/projects/projet-de-loi-numerique/consultation/consultation/opinions/section-2-travaux-de-recherche-et-de-statistique/article-9-acces-aux-travaux-de-la-recherche-financee-par-des-fonds-publics/versions/il-est-indispensable-de-realiser-des-etudes-d-impact-au-plus-vite-delais-d-embargos-pas-inferieurs-a-12-mois-en-stm-et-a-24-mois-en-shs	federationnationaledelapressedinformationspecialisee
http://www.republique-numerique.fr/projects/projet-de-loi-numerique/consultation/consultation/opinions/section-2-travaux-de-recherche-et-de-statistique/article-9-acces-aux-travaux-de-la-recherche-financee-par-des-fonds-publics/versions/je-ma-rallie-aux-propositions-du-conseil-scientifique-du-cnrs	talalmallah
http://www.republique-numerique.fr/projects/projet-de-loi-numerique/consultation/consultation/opinions/section-2-travaux-de-recherche-et-de-statistique/article-9-acces-aux-travaux-de-la-recherche-financee-par-des-fonds-publics/versions/supprimer-le-delai-d-embargo-la-recherche-publique-appartient-au-public-les-donnees-et-les-publications-aussi-acces-libre-a-la-connaissance-scientifique	claudeguthmann
http://www.republique-numerique.fr/projects/projet-de-loi-numerique/consultation/consultation/opinions/section-2-travaux-de-recherche-et-de-statistique/article-9-acces-aux-travaux-de-la-recherche-financee-par-des-fonds-publics/versions/donner-le-vin-vendre-les-bouteilles	michelvalensi
http://www.republique-numerique.fr/projects/projet-de-loi-numerique/consultation/consultation/opinions/section-2-travaux-de-recherche-et-de-statistique/article-9-acces-aux-travaux-de-la-recherche-financee-par-des-fonds-publics/versions/je-me-rallie-aux-remarques-et-propositions-faites-par-le-comseil-scientifique-du-cnrs	jeanpierrekahane
http://www.republique-numerique.fr/projects/projet-de-loi-numerique/consultation/consultation/opinions/section-2-travaux-de-recherche-et-de-statistique/article-9-acces-aux-travaux-de-la-recherche-financee-par-des-fonds-publics/versions/instituer-les-contributions-scientifiques-au-rang-de-biens-communs	amauryvanespen
http://www.republique-numerique.fr/projects/projet-de-loi-numerique/consultation/consultation/opinions/section-2-travaux-de-recherche-et-de-statistique/article-9-acces-aux-travaux-de-la-recherche-financee-par-des-fonds-publics/versions/aucune-cession-a-l-editeur-lorsque-les-ecrits-sont-non-remuneres-et-possible-a-6-mois-lorsque-remuneres-sans-distinction-de-champs-disciplinaires	snesup
http://www.republique-numerique.fr/projects/projet-de-loi-numerique/consultation/consultation/opinions/section-2-travaux-de-recherche-et-de-statistique/article-9-acces-aux-travaux-de-la-recherche-financee-par-des-fonds-publics/versions/mentionner-les-donnees-de-la-recherche	associationdesarchivistesfrancais
http://www.republique-numerique.fr/projects/projet-de-loi-numerique/consultation/consultation/opinions/section-2-travaux-de-recherche-et-de-statistique/article-9-acces-aux-travaux-de-la-recherche-financee-par-des-fonds-publics/versions/d-abord-droteger-le-droit-des-auteurs	omarhenrygomeztunque
http://www.republique-numerique.fr/projects/projet-de-loi-numerique/consultation/consultation/opinions/section-2-travaux-de-recherche-et-de-statistique/article-9-acces-aux-travaux-de-la-recherche-financee-par-des-fonds-publics/versions/pas-de-delai-du-tout-la-recherche-publique-appartient-au-public-les-donnees-et-les-publications-aussi	brennerjan
http://www.republique-numerique.fr/projects/projet-de-loi-numerique/consultation/consultation/opinions/section-2-travaux-de-recherche-et-de-statistique/article-9-acces-aux-travaux-de-la-recherche-financee-par-des-fonds-publics/versions/une-duree-d-embargo-plus-courte-et-ne-pas-entraver-le-tdm-text-and-data-mining	universitepierreetmariecurie
http://www.republique-numerique.fr/projects/projet-de-loi-numerique/consultation/consultation/opinions/section-2-travaux-de-recherche-et-de-statistique/article-9-acces-aux-travaux-de-la-recherche-financee-par-des-fonds-publics/versions/assurer-la-compatibilite-avec-les-licences-libres	regardscitoyens
http://www.republique-numerique.fr/projects/projet-de-loi-numerique/consultation/consultation/opinions/section-2-travaux-de-recherche-et-de-statistique/article-9-acces-aux-travaux-de-la-recherche-financee-par-des-fonds-publics/versions/clarifions-la-publication-scientifique	nicolaslemoine
http://www.republique-numerique.fr/projects/projet-de-loi-numerique/consultation/consultation/opinions/section-2-travaux-de-recherche-et-de-statistique/article-9-acces-aux-travaux-de-la-recherche-financee-par-des-fonds-publics/versions/mettre-a-disposition-egalement-la-correspondance-entre-les-auteurs-et-l-editeur-examinateurs-reviewers-pour-enrichir-la-publication-et-mettre-en-valeur-le-travail-des-examinateurs	abharmach
http://www.republique-numerique.fr/projects/projet-de-loi-numerique/consultation/consultation/opinions/section-2-travaux-de-recherche-et-de-statistique/article-9-acces-aux-travaux-de-la-recherche-financee-par-des-fonds-publics/versions/favoriser-le-libre-acces-sans-mettre-en-peril-les-revues-shs-imaginer-de-nouveaux-modeles-de-diffusion-de-la-science	cairninfo
http://www.republique-numerique.fr/projects/projet-de-loi-numerique/consultation/consultation/opinions/section-2-travaux-de-recherche-et-de-statistique/article-9-acces-aux-travaux-de-la-recherche-financee-par-des-fonds-publics/versions/pour-l-acces-libre-aux-resultats-de-la-recherche-scientifique	alainberetzpresidentdeluniversitedestrasbourg
http://www.republique-numerique.fr/projects/projet-de-loi-numerique/consultation/consultation/opinions/section-2-travaux-de-recherche-et-de-statistique/article-9-acces-aux-travaux-de-la-recherche-financee-par-des-fonds-publics/versions/modification	fredericrotella
http://www.republique-numerique.fr/projects/projet-de-loi-numerique/consultation/consultation/opinions/section-2-travaux-de-recherche-et-de-statistique/article-9-acces-aux-travaux-de-la-recherche-financee-par-des-fonds-publics/versions/recherches-financees-par-des-fonds-publics-accessibles-sans-delai	jamessebastien
http://www.republique-numerique.fr/projects/projet-de-loi-numerique/consultation/consultation/opinions/section-2-travaux-de-recherche-et-de-statistique/article-9-acces-aux-travaux-de-la-recherche-financee-par-des-fonds-publics/versions/mention-supplementaire-conforme-aux-preconnisations-de-l-ocde	iabd
http://www.republique-numerique.fr/projects/projet-de-loi-numerique/consultation/consultation/opinions/section-2-travaux-de-recherche-et-de-statistique/article-9-acces-aux-travaux-de-la-recherche-financee-par-des-fonds-publics/versions/pour-legiferer-sur-le-libre-acces-une-etude-d-impact-est-necessaire	christinedemazieres
http://www.republique-numerique.fr/projects/projet-de-loi-numerique/consultation/consultation/opinions/section-2-travaux-de-recherche-et-de-statistique/article-9-acces-aux-travaux-de-la-recherche-financee-par-des-fonds-publics/versions/reduire-la-duree-d-embargo	jubeau
http://www.republique-numerique.fr/projects/projet-de-loi-numerique/consultation/consultation/opinions/section-2-travaux-de-recherche-et-de-statistique/article-9-acces-aux-travaux-de-la-recherche-financee-par-des-fonds-publics/versions/acces-public-gratuit-et-embargo-plus-court	eniramaal
http://www.republique-numerique.fr/projects/projet-de-loi-numerique/consultation/consultation/opinions/section-2-travaux-de-recherche-et-de-statistique/article-9-acces-aux-travaux-de-la-recherche-financee-par-des-fonds-publics/versions/duree-d-embargo-et-tdm-1	gfii
http://www.republique-numerique.fr/projects/projet-de-loi-numerique/consultation/consultation/opinions/section-2-travaux-de-recherche-et-de-statistique/article-9-acces-aux-travaux-de-la-recherche-financee-par-des-fonds-publics/versions/duree-d-embargo-et-tdm	whynot
http://www.republique-numerique.fr/projects/projet-de-loi-numerique/consultation/consultation/opinions/section-2-travaux-de-recherche-et-de-statistique/article-9-acces-aux-travaux-de-la-recherche-financee-par-des-fonds-publics/versions/les-articles-scientifiques-sont-des-biens-communs-de-la-connaissance	inradistodilehologne
http://www.republique-numerique.fr/projects/projet-de-loi-numerique/consultation/consultation/opinions/section-2-travaux-de-recherche-et-de-statistique/article-9-acces-aux-travaux-de-la-recherche-financee-par-des-fonds-publics/versions/met-a-disposition-pas-dispose-du-droit	thiebautdevergranne
http://www.republique-numerique.fr/projects/projet-de-loi-numerique/consultation/consultation/opinions/section-2-travaux-de-recherche-et-de-statistique/article-9-acces-aux-travaux-de-la-recherche-financee-par-des-fonds-publics/versions/attention-a-la-qualite-et-a-la-securite-des-textes-scientifiques-qui-doivent-etre-valides-en-amont-promus-et-enrichis-ensuite-par-le-biais-de-bases-de-donnees	dominiqueillien
http://www.republique-numerique.fr/projects/projet-de-loi-numerique/consultation/consultation/opinions/section-2-travaux-de-recherche-et-de-statistique/article-9-acces-aux-travaux-de-la-recherche-financee-par-des-fonds-publics/versions/garantir-l-autorisation-du-depot-immediat-de-la-version-auteur-dans-une-archive-ouverte	inria
http://www.republique-numerique.fr/projects/projet-de-loi-numerique/consultation/consultation/opinions/section-2-travaux-de-recherche-et-de-statistique/article-9-acces-aux-travaux-de-la-recherche-financee-par-des-fonds-publics/versions/licence-libre-de-paternite	teddythebest
http://www.republique-numerique.fr/projects/projet-de-loi-numerique/consultation/consultation/opinions/section-2-travaux-de-recherche-et-de-statistique/article-9-acces-aux-travaux-de-la-recherche-financee-par-des-fonds-publics/versions/les-delais-d-embargo-doivent-etre-conditionnes-a-des-etudes-d-impact	syndicatnationaldeledition
http://www.republique-numerique.fr/projects/projet-de-loi-numerique/consultation/consultation/opinions/section-2-travaux-de-recherche-et-de-statistique/article-9-acces-aux-travaux-de-la-recherche-financee-par-des-fonds-publics/versions/conditionner-la-definition-des-durees-d-embargo-a-la-realisation-d-etudes-d-impact-sur-l-economie-des-revues-scientifiques-concernees	francoisgeze
http://www.republique-numerique.fr/projects/projet-de-loi-numerique/consultation/consultation/opinions/section-2-travaux-de-recherche-et-de-statistique/article-9-acces-aux-travaux-de-la-recherche-financee-par-des-fonds-publics/versions/au-point-ii-en-cours-de-quand	aymericpoulainmaubant
http://www.republique-numerique.fr/projects/projet-de-loi-numerique/consultation/consultation/opinions/section-2-travaux-de-recherche-et-de-statistique/article-9-acces-aux-travaux-de-la-recherche-financee-par-des-fonds-publics/versions/delais-trop-longs	lemarierieusset
http://www.republique-numerique.fr/projects/projet-de-loi-numerique/consultation/consultation/opinions/section-2-travaux-de-recherche-et-de-statistique/article-9-acces-aux-travaux-de-la-recherche-financee-par-des-fonds-publics/versions/recherche-publique-acces-public	thierrypairault
http://www.republique-numerique.fr/projects/projet-de-loi-numerique/consultation/consultation/opinions/section-2-travaux-de-recherche-et-de-statistique/article-9-acces-aux-travaux-de-la-recherche-financee-par-des-fonds-publics/versions/un-principe-simple-la-recherche-publique-dans-le-domaine-public	sylvainribault
http://www.republique-numerique.fr/projects/projet-de-loi-numerique/consultation/consultation/opinions/section-2-travaux-de-recherche-et-de-statistique/article-9-acces-aux-travaux-de-la-recherche-financee-par-des-fonds-publics/versions/sans-delai-de-mise-a-disposition-ou-au-terme-d-un-delai-de-6-mois	gobinemma
http://www.republique-numerique.fr/projects/projet-de-loi-numerique/consultation/consultation/opinions/section-2-travaux-de-recherche-et-de-statistique/article-9-acces-aux-travaux-de-la-recherche-financee-par-des-fonds-publics/versions/pour-une-garantie-de-diffusion-en-acces-ouvert	membresbsn4etbsn7
http://www.republique-numerique.fr/projects/projet-de-loi-numerique/consultation/consultation/opinions/section-2-travaux-de-recherche-et-de-statistique/article-9-acces-aux-travaux-de-la-recherche-financee-par-des-fonds-publics/versions/flou-dans-la-notion-de-moitie-du-financement	marclipinski1
http://www.republique-numerique.fr/projects/projet-de-loi-numerique/consultation/consultation/opinions/section-2-travaux-de-recherche-et-de-statistique/article-9-acces-aux-travaux-de-la-recherche-financee-par-des-fonds-publics/versions/pas-de-delai-de-mise-a-disposition	kante
http://www.republique-numerique.fr/projects/projet-de-loi-numerique/consultation/consultation/opinions/section-2-travaux-de-recherche-et-de-statistique/article-9-acces-aux-travaux-de-la-recherche-financee-par-des-fonds-publics/versions/libre-acces-aux-resultats-de-la-production-scientifique	cecilemichel
http://www.republique-numerique.fr/projects/projet-de-loi-numerique/consultation/consultation/opinions/section-2-travaux-de-recherche-et-de-statistique/article-9-acces-aux-travaux-de-la-recherche-financee-par-des-fonds-publics/versions/enrichir-wikipedia	remicaillot
http://www.republique-numerique.fr/projects/projet-de-loi-numerique/consultation/consultation/opinions/section-2-travaux-de-recherche-et-de-statistique/article-9-acces-aux-travaux-de-la-recherche-financee-par-des-fonds-publics/versions/la-collectivite-doit-pouvoir-acceder-sans-entrave-aux-donnees-et-informations-scientifiques-et-les-utiliser-librement	jeanfrancoisnomine
http://www.republique-numerique.fr/projects/projet-de-loi-numerique/consultation/consultation/opinions/section-2-travaux-de-recherche-et-de-statistique/article-9-acces-aux-travaux-de-la-recherche-financee-par-des-fonds-publics/versions/proteger-le-droit-des-auteurs-d-articles-scientifiques-pour-permettre-le-libre-acces-a-la-recherche-scientifique	robertodicosmo
http://www.republique-numerique.fr/projects/projet-de-loi-numerique/consultation/consultation/opinions/section-2-travaux-de-recherche-et-de-statistique/article-9-acces-aux-travaux-de-la-recherche-financee-par-des-fonds-publics/versions/garantir-le-depot-en-archive-ouverte-seul-dispositif-assurant-un-libre-acces-perenne-conformite-aux-recommandations-europeennes-embargo-e	inptoulouseinstitutnationalpolytechniquedetoulouse
http://www.republique-numerique.fr/projects/projet-de-loi-numerique/consultation/consultation/opinions/section-2-travaux-de-recherche-et-de-statistique/article-9-acces-aux-travaux-de-la-recherche-financee-par-des-fonds-publics/versions/affirmer-la-coherence-des-logiques-de-mise-en-place-de-l-open-access-reduire-le-temps-de-carence-rendre-moins-monolithique-les-droits-d-exploitation-commerciale	christianingrao
http://www.republique-numerique.fr/projects/projet-de-loi-numerique/consultation/consultation/opinions/section-2-travaux-de-recherche-et-de-statistique/article-9-acces-aux-travaux-de-la-recherche-financee-par-des-fonds-publics/versions/pour-une-obligation-de-depot-et-le-libre-acces-assorti-de-la-libre-reutilisation-des-resultats-de-la-recherche	savoircom1
http://www.republique-numerique.fr/projects/projet-de-loi-numerique/consultation/consultation/opinions/section-2-travaux-de-recherche-et-de-statistique/article-9-acces-aux-travaux-de-la-recherche-financee-par-des-fonds-publics/versions/pour-le-libre-acces-contre-tout-archive-unique	jeromevalluy
http://www.republique-numerique.fr/projects/projet-de-loi-numerique/consultation/consultation/opinions/section-2-travaux-de-recherche-et-de-statistique/article-9-acces-aux-travaux-de-la-recherche-financee-par-des-fonds-publics/versions/raccourcir-la-duree-dans-le-respect-de-h2020	gaellekrikorian
http://www.republique-numerique.fr/projects/projet-de-loi-numerique/consultation/consultation/opinions/section-2-travaux-de-recherche-et-de-statistique/article-9-acces-aux-travaux-de-la-recherche-financee-par-des-fonds-publics/versions/obligation-du-libre-acces-aux-publications-scientifiques-de-la-recherche-publique	jjohnsoundarjerome
http://www.republique-numerique.fr/projects/projet-de-loi-numerique/consultation/consultation/opinions/section-2-travaux-de-recherche-et-de-statistique/article-9-acces-aux-travaux-de-la-recherche-financee-par-des-fonds-publics/versions/le-delai-d-embargo-est-beaucoup-trop-long	blaisegenest
http://www.republique-numerique.fr/projects/projet-de-loi-numerique/consultation/consultation/opinions/section-2-travaux-de-recherche-et-de-statistique/article-9-acces-aux-travaux-de-la-recherche-financee-par-des-fonds-publics/versions/garantir-le-libre-acces-aux-resultats-de-la-recherche-financee-par-des-fonds-publics	consortiumcouperin
http://www.republique-numerique.fr/projects/projet-de-loi-numerique/consultation/consultation/opinions/section-2-travaux-de-recherche-et-de-statistique/article-9-acces-aux-travaux-de-la-recherche-financee-par-des-fonds-publics/versions/pas-de-delais-d-embargo-pour-les-etudiants	elliotmaccarinelli
http://www.republique-numerique.fr/projects/projet-de-loi-numerique/consultation/consultation/opinions/section-2-travaux-de-recherche-et-de-statistique/article-9-acces-aux-travaux-de-la-recherche-financee-par-des-fonds-publics/versions/delai-d-embargo-bien-trop-long	martinelegrisrevel
http://www.republique-numerique.fr/projects/projet-de-loi-numerique/consultation/consultation/opinions/section-2-travaux-de-recherche-et-de-statistique/article-9-acces-aux-travaux-de-la-recherche-financee-par-des-fonds-publics/versions/aucun-delai-pour-la-mise-a-disposition-gratuite-sous-forme-numerique	dansperber
http://www.republique-numerique.fr/projects/projet-de-loi-numerique/consultation/consultation/opinions/section-2-travaux-de-recherche-et-de-statistique/article-9-acces-aux-travaux-de-la-recherche-financee-par-des-fonds-publics/versions/domaines-sensibles	bernard
http://www.republique-numerique.fr/projects/projet-de-loi-numerique/consultation/consultation/opinions/section-2-travaux-de-recherche-et-de-statistique/article-9-acces-aux-travaux-de-la-recherche-financee-par-des-fonds-publics/versions/24-mois-pour-les-sciences-humaines-c-est-trop-long-quid-de-l-etude-d-internet-des-reseaux-sociaux-du-big-data-etc-12-mois-pour-tous	lionelbarbe
http://www.republique-numerique.fr/projects/projet-de-loi-numerique/consultation/consultation/opinions/section-2-travaux-de-recherche-et-de-statistique/article-9-acces-aux-travaux-de-la-recherche-financee-par-des-fonds-publics/versions/acces-libre-integral-et-obligatoire	oliviermorin1
http://www.republique-numerique.fr/projects/projet-de-loi-numerique/consultation/consultation/opinions/section-2-travaux-de-recherche-et-de-statistique/article-9-acces-aux-travaux-de-la-recherche-financee-par-des-fonds-publics/versions/poir-un-droit-de-fouiller-les-textes-autoriser-le-text-et-datamining	consortiumcouperin
http://www.republique-numerique.fr/projects/projet-de-loi-numerique/consultation/consultation/opinions/section-2-travaux-de-recherche-et-de-statistique/article-9-acces-aux-travaux-de-la-recherche-financee-par-des-fonds-publics/versions/pour-une-obligation-de-depot-des-publications-scientifiques-dans-une-archive-ouverte	consortiumcouperin
http://www.republique-numerique.fr/projects/projet-de-loi-numerique/consultation/consultation/opinions/section-2-travaux-de-recherche-et-de-statistique/article-9-acces-aux-travaux-de-la-recherche-financee-par-des-fonds-publics/versions/une-duree-d-embargo-plus-courte-ne-pas-entraver-le-tdm-text-and-data-mining-et-ne-pas-s-approprier-a-titre-exclusif-des-benefices-de-toutes-natures-qui-pourraient-decouler-d-une-publication-scientifique	benigni
http://www.republique-numerique.fr/projects/projet-de-loi-numerique/consultation/consultation/opinions/section-2-travaux-de-recherche-et-de-statistique/article-9-acces-aux-travaux-de-la-recherche-financee-par-des-fonds-publics/versions/mettre-en-place-un-depot-institutionnel	samsond
http://www.republique-numerique.fr/projects/projet-de-loi-numerique/consultation/consultation/opinions/section-2-travaux-de-recherche-et-de-statistique/article-9-acces-aux-travaux-de-la-recherche-financee-par-des-fonds-publics/versions/une-duree-d-embargo-plus-courte-ne-pas-entraver-le-tdm-text-and-data-mining-et-ne-pas-interdire-une-exploitation-commerciale-1	emmanuellesigne
http://www.republique-numerique.fr/projects/projet-de-loi-numerique/consultation/consultation/opinions/section-2-travaux-de-recherche-et-de-statistique/article-9-acces-aux-travaux-de-la-recherche-financee-par-des-fonds-publics/versions/une-duree-d-embargo-plus-courte-ne-pas-entraver-le-tdm-text-and-data-mining-et-ne-pas-interdire-une-exploitation-commerciale	sylviegrandeuryburon
http://www.republique-numerique.fr/projects/projet-de-loi-numerique/consultation/consultation/opinions/section-2-travaux-de-recherche-et-de-statistique/article-9-acces-aux-travaux-de-la-recherche-financee-par-des-fonds-publics/versions/du-gouvernement-ouvert-a-l-universite-ouverte-en-redonnant-aux-chercheurs-le-controle-de-leurs-droits-d-auteur	saintaubin
http://www.republique-numerique.fr/projects/projet-de-loi-numerique/consultation/consultation/opinions/section-2-travaux-de-recherche-et-de-statistique/article-9-acces-aux-travaux-de-la-recherche-financee-par-des-fonds-publics/versions/synthese-des-propositions-ajout-sur-l-egalite-de-l-acces	samsond
http://www.republique-numerique.fr/projects/projet-de-loi-numerique/consultation/consultation/opinions/section-2-travaux-de-recherche-et-de-statistique/article-9-acces-aux-travaux-de-la-recherche-financee-par-des-fonds-publics/versions/code-de-la-propriete-intellectuelle-plutot-que-code-de-la-recherche	cbernault
http://www.republique-numerique.fr/projects/projet-de-loi-numerique/consultation/consultation/opinions/section-2-travaux-de-recherche-et-de-statistique/article-9-acces-aux-travaux-de-la-recherche-financee-par-des-fonds-publics/versions/trente-six-mois-pour-les-sciences-humaines-et-sociales	dehee
http://www.republique-numerique.fr/projects/projet-de-loi-numerique/consultation/consultation/opinions/section-2-travaux-de-recherche-et-de-statistique/article-9-acces-aux-travaux-de-la-recherche-financee-par-des-fonds-publics/versions/une-duree-d-embargo-plus-courte-ne-pas-entraver-le-tdm-fouille-de-texte-et-de-donnees-et-ne-pas-interdire-une-exploitation-commerciale	cnrsdistrenaudfabre
http://www.republique-numerique.fr/projects/projet-de-loi-numerique/consultation/consultation/opinions/section-2-travaux-de-recherche-et-de-statistique/article-9-acces-aux-travaux-de-la-recherche-financee-par-des-fonds-publics/versions/proteger-l-edition-scientifique-francaise	fontaine
http://www.republique-numerique.fr/projects/projet-de-loi-numerique/consultation/consultation/opinions/section-2-travaux-de-recherche-et-de-statistique/article-9-acces-aux-travaux-de-la-recherche-financee-par-des-fonds-publics/versions/pas-d-embargo-ou-tres-reduit	merlet
http://www.republique-numerique.fr/projects/projet-de-loi-numerique/consultation/consultation/opinions/section-2-travaux-de-recherche-et-de-statistique/article-9-acces-aux-travaux-de-la-recherche-financee-par-des-fonds-publics/versions/aligner-les-delais-d-embargo-sur-ceux-de-la-communaute-europeenne-6-et-12-mois-maximum	olivierjacquot
http://www.republique-numerique.fr/projects/projet-de-loi-numerique/consultation/consultation/opinions/section-2-travaux-de-recherche-et-de-statistique/article-9-acces-aux-travaux-de-la-recherche-financee-par-des-fonds-publics/versions/correction-syntaxique	pierrefrancoisjan
http://www.republique-numerique.fr/projects/projet-de-loi-numerique/consultation/consultation/opinions/section-2-travaux-de-recherche-et-de-statistique/article-9-acces-aux-travaux-de-la-recherche-financee-par-des-fonds-publics/versions/egalite-de-l-acces-aux-ecrits-scientifiques	pierrefrancoisjan
http://www.republique-numerique.fr/projects/projet-de-loi-numerique/consultation/consultation/opinions/section-2-travaux-de-recherche-et-de-statistique/article-9-acces-aux-travaux-de-la-recherche-financee-par-des-fonds-publics/versions/les-donnees-issues-d-une-activite-de-recherche	serayamaouche
http://www.republique-numerique.fr/projects/projet-de-loi-numerique/consultation/consultation/opinions/section-2-travaux-de-recherche-et-de-statistique/article-9-acces-aux-travaux-de-la-recherche-financee-par-des-fonds-publics/versions/limitation-des-prerogatives-de-l-auteur-pour-les-travaux-fiances-sur-des-fonds-publics	huguesvanbesien
http://www.republique-numerique.fr/projects/projet-de-loi-numerique/consultation/consultation/opinions/section-2-travaux-de-recherche-et-de-statistique/article-9-acces-aux-travaux-de-la-recherche-financee-par-des-fonds-publics/versions/pas-de-differences-entre-les-domaines-scientifiques	michelraymond
http://www.republique-numerique.fr/projects/projet-de-loi-numerique/consultation/consultation/opinions/section-2-travaux-de-recherche-et-de-statistique/article-9-acces-aux-travaux-de-la-recherche-financee-par-des-fonds-publics/versions/unification-de-la-diffusion-des-connaissances	jeremylucas
http://www.republique-numerique.fr/projects/projet-de-loi-numerique/consultation/consultation/opinions/section-2-travaux-de-recherche-et-de-statistique/article-9-acces-aux-travaux-de-la-recherche-financee-par-des-fonds-publics/versions/pourquoi-une-limitation-au-point-ii	ericfabre
http://www.republique-numerique.fr/projects/projet-de-loi-numerique/consultation/consultation/opinions/section-2-travaux-de-recherche-et-de-statistique/article-9-acces-aux-travaux-de-la-recherche-financee-par-des-fonds-publics/versions/aligner-les-delais-d-embargo-sur-ceux-de-la-communaute-europeenne-6-et-12-mois	christineollendorff
http://www.republique-numerique.fr/projects/projet-de-loi-numerique/consultation/consultation/opinions/section-2-travaux-de-recherche-et-de-statistique/article-9-acces-aux-travaux-de-la-recherche-financee-par-des-fonds-publics/versions/permettre-au-moins-un-delai-d-embargo-plus-court-grace-au-contrat	cbernault
http://www.republique-numerique.fr/projects/projet-de-loi-numerique/consultation/consultation/opinions/section-2-travaux-de-recherche-et-de-statistique/article-9-acces-aux-travaux-de-la-recherche-financee-par-des-fonds-publics/versions/supprimer-le-delai	hipparkhos
http://www.republique-numerique.fr/projects/projet-de-loi-numerique/consultation/consultation/opinions/section-2-travaux-de-recherche-et-de-statistique/article-9-acces-aux-travaux-de-la-recherche-financee-par-des-fonds-publics/versions/redaction-a-ameliorer	cbernault
http://www.republique-numerique.fr/projects/projet-de-loi-numerique/consultation/consultation/opinions/section-2-travaux-de-recherche-et-de-statistique/article-9-acces-aux-travaux-de-la-recherche-financee-par-des-fonds-publics/versions/ne-pas-oublier-les-sets-de-donnees-lies-a-un-article	danielbourrion
http://www.republique-numerique.fr/projects/projet-de-loi-numerique/consultation/consultation/opinions/section-2-travaux-de-recherche-et-de-statistique/article-9-acces-aux-travaux-de-la-recherche-financee-par-des-fonds-publics/versions/mise-en-ligne-des-theses-de-doctorat	laurentliegeois
http://www.republique-numerique.fr/projects/projet-de-loi-numerique/consultation/consultation/opinions/section-2-travaux-de-recherche-et-de-statistique/article-9-acces-aux-travaux-de-la-recherche-financee-par-des-fonds-publics/versions/pas-de-restriction-de-temps-pour-les-financements-europeens-et-francais	oliviermauco
http://www.republique-numerique.fr/projects/projet-de-loi-numerique/consultation/consultation/opinions/section-2-travaux-de-recherche-et-de-statistique/article-9-acces-aux-travaux-de-la-recherche-financee-par-des-fonds-publics/versions/toute-restriction-a-l-acces-aux-publications-scientifiques-est-nefaste-et-couteuse	benoitrkloeckner
http://www.republique-numerique.fr/projects/projet-de-loi-numerique/consultation/consultation/opinions/section-2-travaux-de-recherche-et-de-statistique/article-9-acces-aux-travaux-de-la-recherche-financee-par-des-fonds-publics/versions/publicite-des-articles-et-retroactivite-sur-les-contrats-en-cours	solarus
http://www.republique-numerique.fr/projects/projet-de-loi-numerique/consultation/consultation/opinions/section-2-travaux-de-recherche-et-de-statistique/article-9-acces-aux-travaux-de-la-recherche-financee-par-des-fonds-publics/versions/une-publication-dans-le-strict-respect-de-la-confidentialite	hayekvalerie
http://www.republique-numerique.fr/projects/projet-de-loi-numerique/consultation/consultation/opinions/section-2-travaux-de-recherche-et-de-statistique/article-9-acces-aux-travaux-de-la-recherche-financee-par-des-fonds-publics/versions/modification-article-initial-l-533-4-pour-l-112-6-cr	annelaureroux
http://www.republique-numerique.fr/projects/projet-de-loi-numerique/consultation/consultation/opinions/section-2-travaux-de-recherche-et-de-statistique/article-9-acces-aux-travaux-de-la-recherche-financee-par-des-fonds-publics/versions/le-texte-n-atteint-pas-ses-objectifs-et-presentent-des-difficultes	jeanbaptistesoufron
http://www.republique-numerique.fr/projects/projet-de-loi-numerique/consultation/consultation/opinions/section-2-travaux-de-recherche-et-de-statistique/article-9-acces-aux-travaux-de-la-recherche-financee-par-des-fonds-publics/versions/la-recherche-financee-par-l-etat-appartient-a-tous	cellular1988
